Protein id	Contig id	Start	Stop	Strand	Element symbol	Element name	Scope	Type	Subtype	Class	Subclass	Method	Target length	Reference sequence length	% Coverage of reference	% Identity to reference	Alignment length	Closest reference accession	Closest reference name	HMM accession	HMM description
NA	k141_15	113418	114467	-	icaC	polysaccharide intercellular adhesin biosynthesis/export protein IcaC	plus	VIRULENCE	VIRULENCE	NA	NA	EXACTX	350	350	100.00	100.00	350	AUU58561.1	polysaccharide intercellular adhesin biosynthesis/export protein IcaC	NA	NA
NA	k141_15	157798	159324	+	aur	zinc metalloproteinase aureolysin	plus	VIRULENCE	VIRULENCE	NA	NA	BLASTX	509	509	100.00	99.21	509	EHO93748.1	zinc metalloproteinase aureolysin	NA	NA
NA	k141_18	29491	29568	+	hld	delta-hemolysin	plus	VIRULENCE	VIRULENCE	NA	NA	EXACTX	26	26	100.00	100.00	26	AGU62139.1	delta-hemolysin	NA	NA
NA	k141_23	35609	36961	+	mepA	multidrug efflux MATE transporter MepA	plus	AMR	AMR	TETRACYCLINE	TIGECYCLINE	EXACTX	451	451	100.00	100.00	451	BAB41547.1	multidrug efflux MATE transporter MepA	NA	NA
NA	k141_23	70270	70878	+	selX	staphylococcal enterotoxin-like toxin X	plus	VIRULENCE	VIRULENCE	NA	NA	BLASTX	203	203	100.00	96.06	203	AEI60187.1	staphylococcal enterotoxin-like toxin X	NA	NA
NA	k141_23	85714	87630	-	tet(M)	tetracycline resistance ribosomal protection protein Tet(M)	core	AMR	AMR	TETRACYCLINE	TETRACYCLINE	EXACTX	639	639	100.00	100.00	639	WP_000691736.1	tetracycline resistance ribosomal protection protein Tet(M)	NA	NA
NA	k141_27	24537	25334	+	seb	staphylococcal enterotoxin type B	plus	VIRULENCE	VIRULENCE	NA	NA	BLASTX	266	266	100.00	96.62	266	AAA88550.1	staphylococcal enterotoxin type B	NA	NA
NA	k141_28	1433	2161	+	erm(A)	23S rRNA (adenine(2058)-N(6))-methyltransferase Erm(A)	core	AMR	AMR	LINCOSAMIDE/MACROLIDE	AZITHROMYCIN/CLARITHROMYCIN/CLINDAMYCIN/ERYTHROMYCIN/TELITHROMYCIN	EXACTX	243	243	100.00	100.00	243	WP_001072201.1	23S rRNA (adenine(2058)-N(6))-methyltransferase Erm(A)	NA	NA
NA	k141_28	2293	3072	-	ant(9)-Ia	aminoglycoside nucleotidyltransferase ANT(9)-Ia	core	AMR	AMR	AMINOGLYCOSIDE	SPECTINOMYCIN	EXACTX	260	260	100.00	100.00	260	WP_000067268.1	aminoglycoside nucleotidyltransferase ANT(9)-Ia	NA	NA
NA	k141_33	33191	33970	+	seo	staphylococcal enterotoxin type O	plus	VIRULENCE	VIRULENCE	NA	NA	EXACTX	260	260	100.00	100.00	260	BAB42916.1	staphylococcal enterotoxin type O	NA	NA
NA	k141_33	34254	34970	+	sem	staphylococcal enterotoxin type M	plus	VIRULENCE	VIRULENCE	NA	NA	BLASTX	239	239	100.00	94.14	239	SGR88215.1	staphylococcal enterotoxin type M	NA	NA
NA	k141_33	35008	35733	+	sei	staphylococcal enterotoxin type I	plus	VIRULENCE	VIRULENCE	NA	NA	BLASTX	242	243	99.59	93.80	242	SGR88193.1	staphylococcal enterotoxin type I	NA	NA
NA	k141_33	36251	36658	+	seu	staphylococcal enterotoxin type U	plus	VIRULENCE	VIRULENCE	NA	NA	PARTIALX	136	261	52.11	93.38	136	SGR88168.1	staphylococcal enterotoxin type U	NA	NA
NA	k141_33	36700	37515	+	sen	staphylococcal enterotoxin type N	plus	VIRULENCE	VIRULENCE	NA	NA	INTERNAL_STOP	272	272	100.00	99.26	272	SAO78304.1	staphylococcal enterotoxin type N	NA	NA
NA	k141_33	43657	44589	+	lukE	bi-component leukocidin LukED subunit E	plus	VIRULENCE	VIRULENCE	NA	NA	BLASTX	311	311	100.00	99.68	311	RCV70079.1	bi-component leukocidin LukED subunit E	NA	NA
NA	k141_33	44594	45574	+	lukD	bi-component leukocidin LukED subunit D	plus	VIRULENCE	VIRULENCE	NA	NA	BLASTX	327	327	100.00	94.19	327	CAA73668.1	bi-component leukocidin LukED subunit D	NA	NA
NA	k141_33	49707	50411	+	splA	serine protease SplA	plus	VIRULENCE	VIRULENCE	NA	NA	BLASTX	235	235	100.00	97.02	235	ABD31004.1	serine protease SplA	NA	NA
NA	k141_33	50539	51258	+	splB	serine protease SplB	plus	VIRULENCE	VIRULENCE	NA	NA	BLASTX	240	240	100.00	98.75	240	ABD31003.1	serine protease SplB	NA	NA
NA	k141_40	5449	5817	-	mecI	mecA-type methicillin resistance repressor MecI	core	AMR	AMR	BETA-LACTAM	METHICILLIN	EXACTX	123	123	100.00	100.00	123	WP_000369214.1	mecA-type methicillin resistance repressor MecI	NA	NA
NA	k141_40	5820	7574	-	mecR1	beta-lactam sensor/signal transducer MecR1	core	AMR	AMR	BETA-LACTAM	METHICILLIN	EXACTX	585	585	100.00	100.00	585	WP_000952923.1	beta-lactam sensor/signal transducer MecR1	NA	NA
NA	k141_40	7674	9677	+	mecA	PBP2a family beta-lactam-resistant peptidoglycan transpeptidase MecA	core	AMR	AMR	BETA-LACTAM	METHICILLIN	BLASTX	668	668	100.00	99.85	668	WP_000721310.1	PBP2a family beta-lactam-resistant peptidoglycan transpeptidase MecA	NA	NA
NA	k141_49	3552	4166	-	cadD	cadmium resistance transporter CadD	plus	STRESS	METAL	CADMIUM	CADMIUM	EXACTX	205	205	100.00	100.00	205	BAB43874.1	cadmium resistance transporter CadD	NA	NA
NA	k141_49	17178	17570	-	arsC	thioredoxin-dependent arsenate reductase	plus	STRESS	METAL	ARSENIC	ARSENATE	EXACTX	131	131	100.00	100.00	131	AAA25638.1	thioredoxin-dependent arsenate reductase	NA	NA
NA	k141_49	17591	18877	-	arsB	arsenite efflux transporter membrane subunit ArsB	plus	STRESS	METAL	ARSENIC	ARSENITE	BLASTX	429	429	100.00	99.77	429	AAA25637.1	arsenite efflux transporter membrane subunit ArsB	NA	NA
NA	k141_49	18880	19191	-	arsR	As(III)-sensing metalloregulatory transcriptional repressor ArsR	plus	STRESS	METAL	ARSENIC	ARSENIC	BLASTX	104	104	100.00	99.04	104	AAA25636.1	As(III)-sensing metalloregulatory transcriptional repressor ArsR	NA	NA
NA	k141_49	22277	22654	-	blaI	penicillinase repressor BlaI	core	AMR	AMR	BETA-LACTAM	BETA-LACTAM	BLASTX	126	126	100.00	98.41	126	WP_001284656.1	penicillinase repressor BlaI	NA	NA
NA	k141_49	22647	24401	-	blaR1	beta-lactam sensor/signal transducer BlaR1	core	AMR	AMR	BETA-LACTAM	BETA-LACTAM	BLASTX	585	585	100.00	95.38	585	WP_001096386.1	beta-lactam sensor/signal transducer BlaR1	NA	NA
NA	k141_49	24508	24954	+	blaZ	penicillin-hydrolyzing class A beta-lactamase BlaZ	core	AMR	AMR	BETA-LACTAM	BETA-LACTAM	PARTIALX	149	281	53.02	100.00	149	WP_000733285.1	penicillin-hydrolyzing class A beta-lactamase BlaZ	NA	NA
NA	k141_51	282	1040	+	aadD1	aminoglycoside O-nucleotidyltransferase ANT(4')-Ia	core	AMR	AMR	AMINOGLYCOSIDE	KANAMYCIN/TOBRAMYCIN	EXACTX	253	253	100.00	100.00	253	WP_001014230.1	aminoglycoside O-nucleotidyltransferase ANT(4')-Ia	NA	NA
NA	k141_51	1260	1661	+	bleO	bleomycin binding protein	core	AMR	AMR	BLEOMYCIN	BLEOMYCIN	EXACTX	134	134	100.00	100.00	134	WP_001242578.1	bleomycin binding protein	NA	NA
NA	k141_52	26850	29510	-	gyrA_E88G	Staphylococcus aureus quinolone resistant GyrA	core	AMR	POINT	QUINOLONE	QUINOLONE	POINTX	887	887	100.00	99.55	887	WP_000819084.1	DNA gyrase subunit A GyrA	NA	NA
NA	k141_52	26850	29510	-	gyrA_S84L	Staphylococcus aureus quinolone resistant GyrA	core	AMR	POINT	QUINOLONE	QUINOLONE	POINTX	887	887	100.00	99.55	887	WP_000819084.1	DNA gyrase subunit A GyrA	NA	NA
NA	k141_53	54559	54906	-	scn	complement inhibitor SCIN-A	plus	VIRULENCE	VIRULENCE	NA	NA	EXACTX	116	116	100.00	100.00	116	ADL23798.1	complement inhibitor SCIN-A	NA	NA
NA	k141_53	57123	57611	-	sak	staphylokinase	plus	VIRULENCE	VIRULENCE	NA	NA	BLASTX	163	163	100.00	98.77	163	CAA24957.1	staphylokinase	NA	NA
NA	k141_53	59417	60196	-	sep	staphylococcal enterotoxin type P	plus	VIRULENCE	VIRULENCE	NA	NA	EXACTX	260	260	100.00	100.00	260	ADC38120.1	staphylococcal enterotoxin type P	NA	NA
NA	k141_55	68600	69574	-	hlgB	bi-component gamma-hemolysin HlgAB/HlgCB subunit B	plus	VIRULENCE	VIRULENCE	NA	NA	BLASTX	325	325	100.00	97.54	325	CAA57278.1	bi-component gamma-hemolysin HlgAB/HlgCB subunit B	NA	NA
NA	k141_55	69579	70523	-	hlgC	bi-component gamma-hemolysin HlgCB subunit C	plus	VIRULENCE	VIRULENCE	NA	NA	BLASTX	315	315	100.00	97.46	315	CAA57277.1	bi-component gamma-hemolysin HlgCB subunit C	NA	NA
NA	k141_55	71093	72019	-	hlgA	bi-component gamma-hemolysin HlgAB subunit A	plus	VIRULENCE	VIRULENCE	NA	NA	EXACTX	309	309	100.00	100.00	309	AUU54669.1	bi-component gamma-hemolysin HlgAB subunit A	NA	NA
NA	k141_55	160315	160731	-	fosB	FosB/FosD family fosfomycin resistance bacillithiol transferase	core	AMR	AMR	FOSFOMYCIN	FOSFOMYCIN	EXACTX	139	139	100.00	100.00	139	WP_000920239.1	FosB/FosD family fosfomycin resistance bacillithiol transferase	NA	NA
NA	k141_58	30971	33721	+	ileS_V588F	Staphylococcus aureus mupirocin resistant IleS	core	AMR	POINT	MUPIROCIN	MUPIROCIN	POINTX	917	917	100.00	99.67	917	WP_000384706.1	isoleucine--tRNA ligase IleS	NA	NA
NA	k141_58	217261	219660	+	parC_E84K	Staphylococcus aureus quinolone resistant ParC	core	AMR	POINT	QUINOLONE	QUINOLONE	POINTX	800	800	100.00	99.12	800	WP_001289586.1	DNA topoisomerase IV subunit A ParC	NA	NA
NA	k141_58	217261	219660	+	parC_S80Y	Staphylococcus aureus quinolone resistant ParC	core	AMR	POINT	QUINOLONE	QUINOLONE	POINTX	800	800	100.00	99.12	800	WP_001289586.1	DNA topoisomerase IV subunit A ParC	NA	NA
NA	k141_62	7036	7341	+	rpsJ_K57M	Staphylococcus aureus tigecycline resistant RpsJ	core	AMR	POINT	TETRACYCLINE	TIGECYCLINE	POINTX	102	102	100.00	99.02	102	WP_001118667.1	30S ribosomal protein S10	NA	NA
NA	k141_62	76693	78132	+	lmrS	multidrug efflux MFS transporter LmrS	plus	STRESS	BIOCIDE	MACROLIDE/PHENICOL	CHLORAMPHENICOL/ERYTHROMYCIN	BLASTX	480	480	100.00	99.17	480	AAW38464.1	multidrug efflux MFS transporter LmrS	NA	NA
NA	k141_7	54022	55371	+	tet(38)	tetracycline efflux MFS transporter Tet(38)	plus	AMR	AMR	TETRACYCLINE	TETRACYCLINE	EXACTX	450	450	100.00	100.00	450	BAF77019.1	tetracycline efflux MFS transporter Tet(38)	NA	NA
